{"assets":{"09334EC39C9C58CCECCE608D15C26AAA":{"type":"texture","index":71,"assetRequest":{"type":"slide","state":"incoming","slide":"CFE49A33-6E9B-40E3-93D7-C7D63FB4C68D"},"url":"assets/09334EC39C9C58CCECCE608D15C26AAA.svg","width":1024,"height":768},"2165136546BAAE96AD544E7D6CC68418":{"type":"texture","index":70,"assetRequest":{"type":"slide","state":"outgoing","slide":"03BA567C-65B6-4346-9C9C-AA1A124ACE67"},"url":"assets/2165136546BAAE96AD544E7D6CC68418.svg","width":1024,"height":768}},"events":[{"effects":[{"beginTime":0,"baseLayer":{"animations":[],"initialState":{"affineTransform":[1,0,0,1,0,0],"masksToBounds":true,"rotation":0,"scale":1,"position":{"pointX":512,"pointY":384},"width":1024,"sublayerTransform":[1,0,0,0,0,1,0,0,0,0,1,0,0,0,0,1],"contentsRect":{"y":0,"x":0,"width":1,"height":1},"opacity":1,"edgeAntialiasingMask":0,"height":768,"hidden":false,"anchorPoint":{"pointX":0.5,"pointY":0.5}},"objectID":"0","layers":[{"animations":[],"initialState":{"affineTransform":[1,0,0,1,0,0],"masksToBounds":false,"rotation":0,"scale":1,"position":{"pointX":512,"pointY":384},"width":1024,"sublayerTransform":[1,0,0,0,0,1,0,0,0,0,1,-0.0004922987690640373,0,0,0,1],"contentsRect":{"y":0,"x":0,"width":1,"height":1},"opacity":1,"edgeAntialiasingMask":15,"height":768,"hidden":false,"anchorPoint":{"pointX":0.5,"pointY":0.5}},"layers":[{"animations":[],"layers":[],"initialState":{"affineTransform":[1,0,0,1,0,0],"masksToBounds":false,"rotation":0,"scale":1,"position":{"pointX":512,"pointY":384},"width":1024,"sublayerTransform":[1,0,0,0,0,1,0,0,0,0,1,0,0,0,0,1],"contentsRect":{"y":0,"x":0,"width":1,"height":1},"opacity":1,"edgeAntialiasingMask":0,"height":768,"hidden":false,"anchorPoint":{"pointX":0.5,"pointY":0.5}},"texture":"09334EC39C9C58CCECCE608D15C26AAA"},{"animations":[{"from":{"scalar":false},"beginTime":0,"repeatCount":0,"fillMode":"both","property":"hidden","duration":0.01,"to":{"scalar":true}}],"layers":[],"initialState":{"affineTransform":[1,0,0,1,0,0],"masksToBounds":false,"rotation":0,"scale":1,"position":{"pointX":512,"pointY":384},"width":1024,"sublayerTransform":[1,0,0,0,0,1,0,0,0,0,1,0,0,0,0,1],"contentsRect":{"y":0,"x":0,"width":1,"height":1},"opacity":1,"edgeAntialiasingMask":0,"height":768,"hidden":false,"anchorPoint":{"pointX":0.5,"pointY":0.5}},"texture":"2165136546BAAE96AD544E7D6CC68418"}]}]},"effects":[],"duration":0.01,"type":"transition","name":"none","objectID":"0"}],"automaticPlay":false,"hyperlinks":[{"url":"https://www.airpair.com/angularjs/posts/preparing-for-the-future-of-angularjs","targetRectangle":{"y":468.4601967334747,"x":106.2509840726852,"width":756.9759999999997,"height":31.1331217850493}},{"url":"http://blog.mgechev.com/2015/04/06/angular2-first-impressions/","targetRectangle":{"y":500.2093158329772,"x":106.2509840726852,"width":638.572,"height":31.1331217850493}},{"url":"http://angularjs.blogspot.com/2015/03/forms-in-angular-2.html","targetRectangle":{"y":531.9584349324796,"x":106.2509840726852,"width":618.2219999999998,"height":31.1331217850493}},{"url":"https://github.com/johnpapa/angular-styleguide#controllers","targetRectangle":{"y":563.707554031982,"x":106.2509840726852,"width":584.3420000000001,"height":31.1331217850493}}],"accessibility":[{"text":"pluralsight-logo.png","targetRectangle":{"y":194.184326171875,"x":457.6781616210938,"width":418.1656799316406,"height":129.6313629150391}},{"text":"Angular Best Practices","targetRectangle":{"y":338.4598083496094,"x":491.581298828125,"width":350.359375,"height":38}},{"text":"angular-js.png","targetRectangle":{"y":129.0114898681641,"x":155.8563079833984,"width":259.9770202636719,"height":259.9770202636719}},{"text":"Resources","targetRectangle":{"y":57.57476043701172,"x":69.18815612792969,"width":227.039794921875,"height":58}},{"text":"Docs","targetRectangle":{"y":336.4598083496094,"x":244.2745056152344,"width":83.140625,"height":41}},{"text":"https://www.airpair.com/angularjs/posts/preparing-for-the-future-of-angularjs","targetRectangle":{"y":468.4601967334747,"x":106.2509840726852,"width":756.9759999999997,"height":31.1331217850493}},{"text":"http://blog.mgechev.com/2015/04/06/angular2-first-impressions/","targetRectangle":{"y":500.2093158329772,"x":106.2509840726852,"width":638.572,"height":31.1331217850493}},{"text":"http://angularjs.blogspot.com/2015/03/forms-in-angular-2.html (angular 2.0 - forms)","targetRectangle":{"y":531.9584349324796,"x":106.2509840726852,"width":822.3819999999997,"height":31.1331217850493}},{"text":"https://github.com/johnpapa/angular-styleguide#controllers","targetRectangle":{"y":563.707554031982,"x":106.2509840726852,"width":584.3420000000001,"height":31.1331217850493}}],"baseLayer":{"animations":[],"initialState":{"affineTransform":[1,0,0,1,0,0],"masksToBounds":true,"rotation":0,"scale":1,"position":{"pointX":512,"pointY":384},"width":1024,"sublayerTransform":[1,0,0,0,0,1,0,0,0,0,1,0,0,0,0,1],"contentsRect":{"y":0,"x":0,"width":1,"height":1},"opacity":1,"edgeAntialiasingMask":0,"height":768,"hidden":false,"anchorPoint":{"pointX":0.5,"pointY":0.5}},"objectID":"0","layers":[{"animations":[],"initialState":{"affineTransform":[1,0,0,1,0,0],"masksToBounds":false,"rotation":0,"scale":1,"position":{"pointX":512,"pointY":384},"width":1024,"sublayerTransform":[1,0,0,0,0,1,0,0,0,0,1,-0.0004922987690640373,0,0,0,1],"contentsRect":{"y":0,"x":0,"width":1,"height":1},"opacity":1,"edgeAntialiasingMask":15,"height":768,"hidden":false,"anchorPoint":{"pointX":0.5,"pointY":0.5}},"layers":[{"animations":[],"layers":[],"initialState":{"affineTransform":[1,0,0,1,0,0],"masksToBounds":false,"rotation":0,"scale":1,"position":{"pointX":512,"pointY":384},"width":1024,"sublayerTransform":[1,0,0,0,0,1,0,0,0,0,1,0,0,0,0,1],"contentsRect":{"y":0,"x":0,"width":1,"height":1},"opacity":1,"edgeAntialiasingMask":0,"height":768,"hidden":false,"anchorPoint":{"pointX":0.5,"pointY":0.5}},"texture":"2165136546BAAE96AD544E7D6CC68418"}]}]}}]}